{"0.7163442019591222":{"user_id":1},"0.04079233011050021":{"user_id":1}}